<?xml version="1.0" encoding="UTF-8"?>

<beans xmlns="http://www.springframework.org/schema/beans"
       xmlns:xsi="http://www.w3.org/2001/XMLSchema-instance"
       xmlns:aop="http://www.springframework.org/schema/aop"
       xsi:schemaLocation="http://www.springframework.org/schema/beans http://www.springframework.org/schema/beans/spring-beans-2.0.xsd
       http://www.springframework.org/schema/aop http://www.springframework.org/schema/aop/spring-aop-2.0.xsd">

    <!--  Define common datasouce between couple of spring configurations  -->
    <bean id="dataSource" class="org.springframework.jdbc.datasource.DriverManagerDataSource">
        <property name="driverClassName">
            <value>com.mysql.jdbc.Driver</value>
        </property>
        <property name="url">
            <value>jdbc:mysql://localhost:3306/homework</value>
        </property>
        <property name="username">
            <value>root</value>
        </property>
        <property name="password">
            <value>root</value>
        </property>
    </bean>

</beans>